extensionid,extensionname
aahgedicnflocieijakkchahpgbaekbi,Electric Man 2
aapbdbdomjkkjkaonfhkkikfgjllcleb,Google Translate
afcolgfopkbeailjgaablmhiemdnhlch,Settings
alhngdkjgnedakdlnamimgfihgkmenbh,Mobility Print
amhhjibmkkeodkekchhdlpabecdghggn,Volume Booster
amipdmnjbjlejilkdnceobmeehcnmgib,1v1 LOL Unblocked Game New Tab
aogkniilndigdbhikgjhialgiileaiih,Shell Shockers Unblocked
apdfncmbebfngdallaghamhpgbhbgdlk,Slither.io Unblocked
bbcinlkgjjkejfdpemiealijmmooekmp,LastPass: Free Password Manager
bfgjjammlemhdcocpejaompfoojnjjfn,PrinterLogic Extension v1.0.5.12
blpcfgokakmgnkcojhhkbfbldkacnbeo,YouTube
bmjmipppabdlpjccanalncobmbacckjn,Cursor style - custom cursor for your browser
bmnlcjabgnpnenekpadlanbbkooimhnj,Honey: Automatic Coupons & Cash Back
bnbaboaihhkjoaolfnfoablhllahjnee,GeoGebra Classic
bnmojkbbkkonlmlfgejehefjldooiedp,"Otter.ai: Transcribe, Record Meeting Notes"
bpplilmdnnhkpniamolailkkgogklkbk,Fnf Mods Unblocked
cjpalhdlnbpafiamejdnhcphjbkeiagm,uBlock Origin
cmedhionkhpnakcndndgjdbohmhepckk,Adblock for Youtube™
cpbdlogdokiacaifpokijfinplmdiapa,Print Logic for Edge
donbcfbmhbcapadipfkeojnmajbakjdc,Ruffle
edbgoocdeaamfeeeocpfkpfjmjnmhcla,paint page
efaidnbmnnnibpcajpcglclefindmkaj,"Adobe Acrobat: PDF edit, convert, sign tools"
fdcgdnkidjaadafnichfpabhfomcebme,ZenMate Free VPN–Best VPN for Chrome
fdhgeoginicibhagdmblfikbgbkahibd,McAfee® WebAdvisor
ffbkglfijbcbgblgflchnbphjdllaogb,Stay secure with CyberGhost VPN Free Proxy
fhnkibfmfnbebnhcihmpdbibjgolbifm,Microsoft Teams Chat Extractor
fkdjhomfkhllofmhjhnecclikkdhkjpj,MagnetStream - Watch Full HD Movies Online
gcpmonjkckddcljdphodlhmoceofifab,Sonic Hedgehog Unblocked
gehmmocbbkpblljhkekmfhjpfbkclbph,Dashlane - Password Manager
ghbmnnjooekpmoecnnnilnnbdlolhkhi,Google Docs Offline
gjamigcbpdchilkkhdedpiempbeknbli,AZMovies Download Free Movies
goenfhmignkageljjibdoddnklbbadca,Rooftop Snipers Unblocked
haldlgldplgnggkjaafhelgiaglafanh,Angel4Games
hdgpgojdhdpdfjpoofcijhfedimhjngb,Shell Shockers IO Game New Tab
hnhpmjnpbniipmhfkibjbplgkobpejbi,? 123Movies - New Official Website Unblocked
iaigceaehdihlnolehbapjfbbfpnlngg,Mirroring360 Sender for Chrome
ibmdhijdbildmccjkibaccfiphafjhod,Privacy Everywhere
icempppimphheennghpecpkheibidefo,"Microsoft Bing Homepage, Search & News"
ifbmcpbgkhlpfcodhjhdbllhiaomkdej,Office - Enable Copy and Paste
igdjgnapghemmbpaheklhpaimopcanni,Connect for Chrome - Education
igfgceofdhhgnpbnokpgnmgejaddnjla,Extension Toggle for Chrome™
ihidolefpgnimlmgfljonacidpkmbhcl,ClassLink Analytics+
ijkmjnaahlnmdjjlbhbjbhlnmadmmlgg,2048
ilgbcnkedmncjlhpfconadpjnhlflejf,Check My Permissions for Chrome
inomeogfingihgjfjlpeplalcfajhgai,Chrome Remote Desktop
jeiahlnhacbbdkaniaednfjpaemaghol,Custom Doodle for Google™ - Custom Logo for Google Chrome™
jgfbgkjjlonelmpenhpfeeljjlcgnkpe,ClassLink OneClick Extension
jjfblogammkiefalfpafidabbnamoknm,RetailMeNot Deal Finder™?
jnhijdocabbfbhdjkdckkkfheobmckgf,Slope unblocked
jnimonidkipnhnpgkhgliocfnnpgkhek,Night Time In New York City
jnkmcgdoifeccbendlbamgblpjmfgdal,Flappy Bird Unblocked
kbfnbcaeplbcioakkpcpgfkobkghlhen,Grammarly: Grammar Checker and Writing App
kfnaafpoedgfocjkmoebekdkbojhpggn,Ping Pong Game
kiiaghlmeikbpmeabhilfphikfcefljn,Capital One Shopping: Add to Edge for Free
kkaekcleocoobigpfcdbcciimjihepig,Flash Player - emulator
lbngfmkpnomjcaclajdbelbnlljechmd,Rooftop Snipers Game
liafhjblpnimknccffddoiglnfgneaib,Web Protection for Chrome
liidigofnkchhgmbdfmmbfcodpecmcii,Classlink Oneclick for Edge
mdmnhmmhnjdbfdlkcigodcglmolgohob,Shell Shockers Unblocked - New Tab
meeghbjehpiglipjejhfbdlmcjegklab,Mega Ramp Race Game New Tab
mmeijimgabbpbgpdklnllpncmdofkcpn,Screencastify - Screen Video Recorder
mnejlibhmapdlfjopobeadmenbbhgelg,Sudoku
mnjdfeljfpojoefkmjdaiemlhibkhkkd,Madalin Stunt Cars 2 Multiplayer
nenlahapcbofgnanklpelkaejcehkggg,Capital One Shopping: Add to Chrome for Free
nkpjpnajjadknlleomolemkkohcjapjf,Filmatory
nmmhkkegccagdldgiimedpiccmgmieda,Google Wallet
nomkmakjljpekcjbckcmffldeekdanpa,Slope Unblocked Game
omieocempinhilcpbmnfdaamgomapded,Better Browse by SecurySearch
pcedhgghoalplpjcnmngmeajomcpbjif,Sound Booster 2022
pjafcgbpdclmdeiipolenjgkikeldljl,Chrome Piano
